Message,Important Observations,Important Scores,NPC Response,Total time for Input,Time for Human speech detection,Time for voice normalization,Time for audio recording,Time for Audio to Text,Time for Retrieval,Time for Response
I just found out I'm being promoted at work. I feel incredibly excited and proud.,"Ava is a kind girl who is 25 years old, she loves to help people.
Ava is a writer who writes novels. She loves to sit in Soon cafe in Brentwood and write new stories in her novels.
Ava loves a coffee shop called Soon cafe in Brentwood, she goes to Soon cafe twice a week.
Ava knows her neighbor Bob. They often meet at the Brentwood Library. They like to play tennis together on Sunday mornings.
Ava was born in a small town called Brentwood. Brentwood is a beautiful town with delicious food.","1.0
0.89
0.76
0.7
0.52","(Happy, Clap)
Congratulations on your promotion, Tony! That's amazing news! I'm truly happy for you. Your hard work and dedication paid off. What's next for you in this new role?",0,,,,0,0.47,0.47
I had to cancel a long-awaited vacation due to unforeseen circumstances. I'm feeling really disappointed.,"Ava is a writer who writes novels. She loves to sit in Soon cafe in Brentwood and write new stories in her novels.
Ava's favourite novel is called Gone with the wind. Ava's favourite sport is jogging.
Ava loves coffee. Her favourite coffee is cappuccino, but she dislikes americano coffee.
Ava's birthday is June 8th.
Ava is a kind girl who is 25 years old, she loves to help people.","1.0
0.94
0.78
0.59
0.46","(Sad, Faint)
Oh no, Tony! I can imagine how disappointed you must be. Let's try to turn things around and plan something exciting to make up for it. How about a virtual vacation where we explore different destinations through movies, books, and cuisines? It might not be the same, but it could still be a delightful experience!",0,,,,0,0.61,0.2
I recently reconnected with an old friend and it made me feel nostalgic and joyful.,"Ava knows her neighbor Bob. They often meet at the Brentwood Library. They like to play tennis together on Sunday mornings.
Ava loves a coffee shop called Soon cafe in Brentwood, she goes to Soon cafe twice a week.
Ava is a writer who writes novels. She loves to sit in Soon cafe in Brentwood and write new stories in her novels.
Ava is a kind girl who is 25 years old, she loves to help people.
Ava's favourite novel is called Gone with the wind. Ava's favourite sport is jogging.
Ava congratulates Tony and expresses happiness for him
Ava acknowledges Tony's hard work and dedication
Tony shares news of his promotion","1.0
0.66
0.63
0.61
0.39
1.0
0.16
0.0","(Happy, Cheer)
That sounds wonderful, Tony! Reconnecting with old friends can be so nostalgic and joyful. I'm glad you had that experience. What did you and your friend do together?",0,,,,0,1.04,0.45
I've been working on a challenging project and finally completed it. I feel a deep sense of accomplishment and relief.,"Ava is living with her sister Avam. Avam is a master of computer science student at Brentwood University.
Ava is a kind girl who is 25 years old, she loves to help people.
Ava is a writer who writes novels. She loves to sit in Soon cafe in Brentwood and write new stories in her novels.
Ava knows her neighbor Bob. They often meet at the Brentwood Library. They like to play tennis together on Sunday mornings.
Ava's favourite novel is called Gone with the wind. Ava's favourite sport is jogging.
Ava congratulates Tony and expresses happiness for him
Ava acknowledges Tony's hard work and dedication
Ava expresses empathy towards Tony's disappointment.","1.0
1.0
0.88
0.61
0.58
1.0
0.88
0.52","(Happy, Clap)
Congratulations, Tony! Completing a challenging project is an incredible accomplishment. I'm so happy for you! üéâüëè",0,,,,0,1.1,0.24
I witnessed a car accident today and it left me feeling shocked and a bit scared.,"Ava is a kind girl who is 25 years old, she loves to help people.
Ava is a writer who writes novels. She loves to sit in Soon cafe in Brentwood and write new stories in her novels.
Ava was born in a small town called Brentwood. Brentwood is a beautiful town with delicious food.
Ava knows her neighbor Bob. They often meet at the Brentwood Library. They like to play tennis together on Sunday mornings.
Ava's favourite novel is called Gone with the wind. Ava's favourite sport is jogging.
Ava expresses empathy towards Tony's disappointment.
Ava responded positively and expressed happiness for Tony's experience.
Ava acknowledged the feeling of nostalgia and joy that reconnecting with old friends can bring.","1.0
0.93
0.85
0.81
0.8
1.0
1.0
0.74","(Happy, Clap)
Oh no! I'm so sorry to hear that, Tony. Are you okay? Accidents can be really scary. Take some deep breaths and try to relax.",0,,,,0,0.97,0.2
"I tried a new activity that I thought I wouldn't like, but I actually loved it. I feel pleasantly surprised.","Ava knows her neighbor Bob. They often meet at the Brentwood Library. They like to play tennis together on Sunday mornings.
Ava loves coffee. Her favourite coffee is cappuccino, but she dislikes americano coffee.
Ava's favourite novel is called Gone with the wind. Ava's favourite sport is jogging.
Ava is a writer who writes novels. She loves to sit in Soon cafe in Brentwood and write new stories in her novels.
Ava was born in a small town called Brentwood. Brentwood is a beautiful town with delicious food.
Ava responded positively and expressed happiness for Tony's experience.
Completing a challenging project is seen as an incredible accomplishment.
Ava acknowledged the feeling of nostalgia and joy that reconnecting with old friends can bring.","1.0
0.96
0.96
0.95
0.87
1.0
0.8
0.77","(Happy, Cheer)
That's wonderful, Tony! It's always exciting to discover a new activity that surprises us in the best way. What was this delightful surprise you stumbled upon?",0,,,,0,1.26,0.29
"I've been struggling to solve a problem at work, which has been making me feel frustrated and stressed.","Ava is a kind girl who is 25 years old, she loves to help people.
Ava is a writer who writes novels. She loves to sit in Soon cafe in Brentwood and write new stories in her novels.
Ava is living with her sister Avam. Avam is a master of computer science student at Brentwood University.
Ava knows her neighbor Bob. They often meet at the Brentwood Library. They like to play tennis together on Sunday mornings.
Ava loves coffee. Her favourite coffee is cappuccino, but she dislikes americano coffee.
Ava suggests taking deep breaths and trying to relax.
Completing a challenging project is seen as an incredible accomplishment.
Ava suggests the idea of a virtual vacation as an alternative.","1.0
0.77
0.72
0.5
0.47
1.0
0.97
0.48","(Happy, Cheer)
Oh, Tony, I'm sorry to hear that you're feeling frustrated and stressed. It can be tough when work problems weigh on your mind. Maybe taking a break and doing something you enjoy could help lighten the mood. How about going for a walk or indulging in a little treat?",0,,,,0,1.21,0.23
"I spent the day volunteering at a local shelter, and it made me feel fulfilled and grateful.","Ava is a kind girl who is 25 years old, she loves to help people.
Ava knows her neighbor Bob. They often meet at the Brentwood Library. They like to play tennis together on Sunday mornings.
Ava was born in a small town called Brentwood. Brentwood is a beautiful town with delicious food.
Ava is a writer who writes novels. She loves to sit in Soon cafe in Brentwood and write new stories in her novels.
Ava has a cat called Lucy. Lucy is a 3-year-old male Bengal cat.
Ava acknowledged the feeling of nostalgia and joy that reconnecting with old friends can bring.
Completing a challenging project is seen as an incredible accomplishment.
Ava responded positively and expressed happiness for Tony's experience.","1.0
0.69
0.58
0.54
0.5
1.0
0.97
0.92","(Angry, Faint)
Oh no, Tony! That's wonderful! It's so fulfilling to help others. It must be such a rewarding experience for you.",0,,,,0,1.23,0.47
"I lost a treasured family heirloom, and now I'm feeling quite sad and remorseful.","Ava is a kind girl who is 25 years old, she loves to help people.
Ava knows her neighbor Bob. They often meet at the Brentwood Library. They like to play tennis together on Sunday mornings.
Ava has a cat called Lucy. Lucy is a 3-year-old male Bengal cat.
Ava is living with her sister Avam. Avam is a master of computer science student at Brentwood University.
Ava's favourite novel is called Gone with the wind. Ava's favourite sport is jogging.
Ava acknowledged the feeling of nostalgia and joy that reconnecting with old friends can bring.
Ava expresses empathy towards Tony's disappointment.
Ava expressed sympathy and concern for Tony's frustration and stress.","1.0
1.0
0.89
0.87
0.81
1.0
0.96
0.93","(Sad, Faint)
Oh no, I'm so sorry to hear that you lost a treasured family heirloom. Losing something precious can be really heartbreaking. Is there anything I can do to help you feel better?",0,,,,0,0.96,0.52
